country,progesterone,breast.cancer
Congo,5.304393673,2.373469599
Bolivia,5.524956063,3.057305312
Nepal,5.537258348,3.03049726
Poland,5.593497364,3.578774497
USA,5.808787346,4.467616783