stage,sperm.volume,sd
Precopula,0.010913017,0.000911458
End stage I,0.004060619,0.001399693
Postcopula,0.0140702,0.001888021